1,0.000000000,Dell_ac:22:eb,Spanning-tree-(for-bridges)_00,STP,,,,,64
2,0.031167000,HewlettP_08:f1:70,Broadcast,ARP,,,,,60
3,0.040149000,0.0.0.0,224.0.0.1,IGMPv2,,,,,60
4,0.040206000,::,ff02::1,ICMPv6,,,,,86
5,0.083941000,140.127.220.246,224.0.0.252,IGMPv2,,,,,60
6,0.123177000,HewlettP_08:f1:70,Broadcast,ARP,,,,,60
7,0.129095000,ZyxelCom_f2:96:f1,Broadcast,0x8899,,,,,60
8,0.153460000,140.127.220.91,224.0.0.251,IGMPv2,,,,,60
9,0.315768000,140.127.220.70,224.0.0.106,IGMPv2,,,,,60
10,0.342324000,ChiyuTec_03:15:9c,Broadcast,ARP,,,,,60
11,0.364081000,HewlettP_08:f1:70,Broadcast,ARP,,,,,60
12,0.364339000,HewlettP_08:f1:70,Broadcast,ARP,,,,,60
13,0.364687000,HewlettP_08:f1:70,Broadcast,ARP,,,,,60
14,0.365122000,HewlettP_08:f1:70,Broadcast,ARP,,,,,60
15,0.366546000,HewlettP_08:f1:70,Broadcast,ARP,,,,,60
16,0.366925000,HewlettP_08:f1:70,Broadcast,ARP,,,,,60
17,0.367367000,HewlettP_08:f1:70,Broadcast,ARP,,,,,60
18,0.367832000,HewlettP_08:f1:70,Broadcast,ARP,,,,,60
19,0.368484000,HewlettP_08:f1:70,Broadcast,ARP,,,,,60
20,0.369329000,HewlettP_08:f1:70,Broadcast,ARP,,,,,60
21,0.369428000,HewlettP_08:f1:70,Broadcast,ARP,,,,,60
22,0.370383000,HewlettP_08:f1:70,Broadcast,ARP,,,,,60
23,0.370492000,HewlettP_08:f1:70,Broadcast,ARP,,,,,60
24,0.436831000,HewlettP_08:f1:70,Broadcast,ARP,,,,,60
25,0.515357000,HewlettP_08:f1:70,Broadcast,ARP,,,,,60
26,0.571310000,HewlettP_08:f1:70,Broadcast,ARP,,,,,60
27,0.572754000,10.1.220.37,224.0.1.60,IGMPv2,,,,,60
28,0.572833000,fe80::b20c:d1ff:fe3a:89b9,ff02::1:2,DHCPv6,,,546,547,163
29,0.583640000,140.127.220.246,239.255.255.250,IGMPv2,,,,,60
30,0.611881000,194.26.29.239,140.127.220.177,TCP,57439,27565,,,60
31,0.611956000,140.127.220.177,194.26.29.239,TCP,27565,57439,,,54
32,0.698312000,HewlettP_08:f1:70,Broadcast,ARP,,,,,60
33,1.122160000,ZyxelCom_fa:80:14,Broadcast,0x8899,,,,,60
34,1.170969000,HewlettP_28:3c:c0,HewlettP_00:00:67,HP,,,,,107
35,1.226454000,HewlettP_08:f1:70,Broadcast,ARP,,,,,60
36,1.371790000,140.127.220.70,224.0.0.251,IGMPv2,,,,,60
37,1.911059000,140.127.218.252,224.0.0.1,IGMPv2,,,,,60
38,1.999889000,Dell_ac:22:eb,Spanning-tree-(for-bridges)_00,STP,,,,,64
39,2.111031000,HewlettP_08:f1:70,Broadcast,ARP,,,,,60
40,2.129013000,ZyxelCom_f2:96:f1,Broadcast,0x8899,,,,,60
41,2.363954000,HewlettP_08:f1:70,Broadcast,ARP,,,,,60
42,2.364474000,HewlettP_08:f1:70,Broadcast,ARP,,,,,60
43,2.364725000,HewlettP_08:f1:70,Broadcast,ARP,,,,,60
44,2.365068000,HewlettP_08:f1:70,Broadcast,ARP,,,,,60
45,2.365575000,HewlettP_08:f1:70,Broadcast,ARP,,,,,60
46,2.365916000,HewlettP_08:f1:70,Broadcast,ARP,,,,,60
47,2.366242000,HewlettP_08:f1:70,Broadcast,ARP,,,,,60
48,2.366695000,HewlettP_08:f1:70,Broadcast,ARP,,,,,60
49,2.367165000,HewlettP_08:f1:70,Broadcast,ARP,,,,,60
50,2.367843000,HewlettP_08:f1:70,Broadcast,ARP,,,,,60
51,2.368623000,HewlettP_08:f1:70,Broadcast,ARP,,,,,60
52,2.368730000,HewlettP_08:f1:70,Broadcast,ARP,,,,,60
53,2.369488000,HewlettP_08:f1:70,Broadcast,ARP,,,,,60
54,2.369698000,HewlettP_08:f1:70,Broadcast,ARP,,,,,60
55,2.370067000,HewlettP_08:f1:70,Broadcast,ARP,,,,,60
56,2.370399000,HewlettP_08:f1:70,Broadcast,ARP,,,,,60
57,2.470982000,HewlettP_08:f1:70,Broadcast,ARP,,,,,60
58,2.565655000,10.1.220.144,224.0.0.251,IGMPv2,,,,,60
59,2.614407000,HewlettP_08:f1:70,Broadcast,ARP,,,,,60
60,2.688921000,HewlettP_08:f1:70,Broadcast,ARP,,,,,60
61,2.804269000,HewlettP_08:f1:70,Broadcast,ARP,,,,,60
62,3.062212000,10.1.220.144,239.255.255.250,IGMPv2,,,,,60
63,3.118472000,HewlettP_08:f1:70,Broadcast,ARP,,,,,60
64,3.122069000,ZyxelCom_fa:80:14,Broadcast,0x8899,,,,,60
65,3.426032000,HewlettP_08:f1:70,Broadcast,ARP,,,,,60
66,3.426322000,HewlettP_08:f1:70,Broadcast,ARP,,,,,60
67,3.428320000,HewlettP_08:f1:70,Broadcast,ARP,,,,,60
68,3.428645000,HewlettP_08:f1:70,Broadcast,ARP,,,,,60
69,3.428781000,HewlettP_08:f1:70,Broadcast,ARP,,,,,60
70,3.429041000,HewlettP_08:f1:70,Broadcast,ARP,,,,,60
71,3.431689000,HewlettP_08:f1:70,Broadcast,ARP,,,,,60
72,3.432728000,HewlettP_08:f1:70,Broadcast,ARP,,,,,60
73,3.502658000,HewlettP_08:f1:70,Broadcast,ARP,,,,,60
74,4.000041000,Dell_ac:22:eb,Spanning-tree-(for-bridges)_00,STP,,,,,64
75,4.078138000,HewlettP_08:f1:70,Broadcast,ARP,,,,,60
76,4.128941000,ZyxelCom_f2:96:f1,Broadcast,0x8899,,,,,60
77,4.367834000,HewlettP_08:f1:70,Broadcast,ARP,,,,,60
78,4.436162000,HewlettP_08:f1:70,Broadcast,ARP,,,,,60
79,4.467540000,140.127.220.253,224.0.0.1,IGMPv2,,,,,60
80,4.532411000,59.127.60.129,140.127.220.177,HTTP,46514,80,,,1002
81,4.532559000,140.127.220.177,59.127.60.129,TCP,80,46514,,,54
82,4.630519000,HewlettP_08:f1:70,Broadcast,ARP,,,,,60
83,4.897459000,HewlettP_08:f1:70,Broadcast,ARP,,,,,60
84,4.960747000,HewlettP_08:f1:70,Broadcast,ARP,,,,,60
85,5.081787000,HewlettP_08:f1:70,Broadcast,ARP,,,,,60
86,5.122064000,ZyxelCom_fa:80:14,Broadcast,0x8899,,,,,60
87,5.193883000,0.0.0.0,224.0.0.1,IGMPv2,,,,,60
88,5.193969000,::,ff02::1,ICMPv6,,,,,86
89,5.194154000,::,ff02::1,ICMPv6,,,,,86
90,5.198752000,35.236.187.149,140.127.220.74,TLSv1.2,27017,47860,,,1173
91,5.311847000,10.1.220.37,239.255.255.250,IGMPv2,,,,,60
92,5.318050000,HewlettP_08:f1:70,Broadcast,ARP,,,,,60
93,5.328815000,35.201.208.252,140.127.220.74,TLSv1.2,27017,41710,,,1140
94,5.351835000,10.1.220.12,224.0.0.252,IGMPv2,,,,,60
95,5.426420000,HewlettP_08:f1:70,Broadcast,ARP,,,,,60
96,5.426686000,HewlettP_08:f1:70,Broadcast,ARP,,,,,60
97,5.427381000,HewlettP_08:f1:70,Broadcast,ARP,,,,,60
98,5.427629000,HewlettP_08:f1:70,Broadcast,ARP,,,,,60
99,5.428396000,HewlettP_08:f1:70,Broadcast,ARP,,,,,60
100,5.428629000,HewlettP_08:f1:70,Broadcast,ARP,,,,,60
101,5.428735000,HewlettP_08:f1:70,Broadcast,ARP,,,,,60
102,5.428952000,HewlettP_08:f1:70,Broadcast,ARP,,,,,60
103,5.430134000,HewlettP_08:f1:70,Broadcast,ARP,,,,,60
104,5.431082000,HewlettP_08:f1:70,Broadcast,ARP,,,,,60
105,5.431804000,HewlettP_08:f1:70,Broadcast,ARP,,,,,60
106,5.528116000,140.127.220.176,224.0.0.251,IGMPv2,,,,,60
107,5.556449000,140.127.220.177,59.127.60.129,TCP,80,46514,,,1506
108,5.556479000,140.127.220.177,59.127.60.129,TCP,80,46514,,,1506
109,5.556620000,140.127.220.177,59.127.60.129,TCP,80,46514,,,1506
110,5.556635000,140.127.220.177,59.127.60.129,TCP,80,46514,,,1506
111,5.556783000,140.127.220.177,59.127.60.129,TCP,80,46514,,,1506
112,5.556797000,140.127.220.177,59.127.60.129,TCP,80,46514,,,1506
113,5.556899000,140.127.220.177,59.127.60.129,HTTP/JSON,80,46514,,,462
114,5.570974000,59.127.60.129,140.127.220.177,TCP,46514,80,,,60
115,5.571033000,59.127.60.129,140.127.220.177,TCP,46514,80,,,60
116,5.571055000,59.127.60.129,140.127.220.177,TCP,46514,80,,,60
117,5.571427000,10.1.220.144,224.0.0.252,IGMPv2,,,,,60
118,5.572861000,10.1.220.149,224.0.0.252,IGMPv2,,,,,60
119,5.614522000,59.127.60.129,140.127.220.177,TCP,46514,80,,,60
120,5.619736000,59.127.60.129,140.127.220.177,HTTP,46514,80,,,976
121,5.619766000,140.127.220.177,59.127.60.129,TCP,80,46514,,,54
122,5.747298000,35.236.187.149,140.127.220.74,TLSv1.2,27017,32908,,,1164
123,5.914685000,140.127.220.177,59.127.60.129,TCP,80,46514,,,1506
124,5.914715000,140.127.220.177,59.127.60.129,TCP,80,46514,,,1506
125,5.914830000,140.127.220.177,59.127.60.129,HTTP/JSON,80,46514,,,111
126,5.926176000,59.127.60.129,140.127.220.177,TCP,46514,80,,,60
127,5.971011000,59.127.60.129,140.127.220.177,TCP,46514,80,,,60
128,5.999899000,Dell_ac:22:eb,Spanning-tree-(for-bridges)_00,STP,,,,,64
129,6.009016000,HewlettP_08:f1:70,Broadcast,ARP,,,,,60
130,6.075773000,140.127.220.70,224.0.0.106,IGMPv2,,,,,60
131,6.128848000,ZyxelCom_f2:96:f1,Broadcast,0x8899,,,,,60
132,6.425827000,HewlettP_08:f1:70,Broadcast,ARP,,,,,60
133,6.426317000,HewlettP_08:f1:70,Broadcast,ARP,,,,,60
134,6.427376000,HewlettP_08:f1:70,Broadcast,ARP,,,,,60
135,6.428919000,HewlettP_08:f1:70,Broadcast,ARP,,,,,60
136,6.431279000,HewlettP_08:f1:70,Broadcast,ARP,,,,,60
137,6.431934000,HewlettP_08:f1:70,Broadcast,ARP,,,,,60
138,6.432582000,HewlettP_08:f1:70,Broadcast,ARP,,,,,60
139,6.432837000,HewlettP_08:f1:70,Broadcast,ARP,,,,,60
140,6.433217000,HewlettP_08:f1:70,Broadcast,ARP,,,,,60
141,6.433924000,HewlettP_08:f1:70,Broadcast,ARP,,,,,60
142,6.434325000,HewlettP_08:f1:70,Broadcast,ARP,,,,,60
143,6.434454000,HewlettP_08:f1:70,Broadcast,ARP,,,,,60
144,6.434615000,HewlettP_08:f1:70,Broadcast,ARP,,,,,60
145,6.493007000,HewlettP_08:f1:70,Broadcast,ARP,,,,,60
146,6.512298000,HewlettP_08:f1:70,Broadcast,ARP,,,,,60
147,6.561852000,35.201.208.252,140.127.220.74,TLSv1.2,27017,48790,,,1149
148,6.569673000,10.1.220.144,224.0.0.251,IGMPv2,,,,,60
149,6.595470000,HewlettP_08:f1:70,Broadcast,ARP,,,,,60
150,6.739884000,HewlettP_08:f1:70,Broadcast,ARP,,,,,60
151,7.121900000,ZyxelCom_fa:80:14,Broadcast,0x8899,,,,,60
152,7.338553000,217.160.43.161,140.127.220.177,TCP,49422,22,,,74
153,7.338659000,140.127.220.177,217.160.43.161,TCP,22,49422,,,74
154,7.390047000,35.236.187.149,140.127.220.74,TCP,27017,45650,,,66
155,7.390436000,35.236.187.149,140.127.220.74,TCP,27017,38856,,,66
156,7.390514000,35.236.187.149,140.127.220.74,TCP,27017,38852,,,66
157,7.653598000,217.160.43.161,140.127.220.177,TCP,49422,22,,,66
158,7.653840000,217.160.43.161,140.127.220.177,SSH,49422,22,,,88
159,7.653891000,140.127.220.177,217.160.43.161,TCP,22,49422,,,66
160,7.741691000,138.68.226.175,140.127.220.177,TCP,50240,22,,,74
161,7.741813000,140.127.220.177,138.68.226.175,TCP,22,50240,,,74
162,7.755292000,140.127.220.177,217.160.43.161,SSHv2,22,49422,,,108
163,7.835842000,140.127.220.70,224.0.0.251,IGMPv2,,,,,60
164,7.885152000,138.68.226.175,140.127.220.177,TCP,50240,22,,,66
165,7.886043000,138.68.226.175,140.127.220.177,SSH,50240,22,,,88
166,7.886107000,140.127.220.177,138.68.226.175,TCP,22,50240,,,66
167,7.987780000,140.127.220.177,138.68.226.175,SSHv2,22,50240,,,108
168,7.999316000,HewlettP_08:f1:70,Broadcast,ARP,,,,,60
169,8.000373000,Dell_ac:22:eb,Spanning-tree-(for-bridges)_00,STP,,,,,64
170,8.023854000,HewlettP_08:f1:70,Broadcast,ARP,,,,,60
171,8.070294000,217.160.43.161,140.127.220.177,TCP,49422,22,,,66
172,8.070393000,140.127.220.177,217.160.43.161,SSHv2,22,49422,,,1122
173,8.071338000,217.160.43.161,140.127.220.177,SSHv2,49422,22,,,1042
174,8.071366000,140.127.220.177,217.160.43.161,TCP,22,49422,,,66
175,8.118412000,HewlettP_08:f1:70,Broadcast,ARP,,,,,60
176,8.128761000,ZyxelCom_f2:96:f1,Broadcast,0x8899,,,,,60
177,8.131268000,138.68.226.175,140.127.220.177,TCP,50240,22,,,66
178,8.131317000,140.127.220.177,138.68.226.175,SSHv2,22,50240,,,1122
179,8.132110000,138.68.226.175,140.127.220.177,SSHv2,50240,22,,,1042
180,8.132134000,140.127.220.177,138.68.226.175,TCP,22,50240,,,66
181,8.133078000,10.1.220.37,224.0.1.60,IGMPv2,,,,,60
182,8.275430000,138.68.226.175,140.127.220.177,SSHv2,50240,22,,,114
183,8.275500000,140.127.220.177,138.68.226.175,TCP,22,50240,,,66
184,8.364555000,140.127.220.177,138.68.226.175,SSHv2,22,50240,,,550
185,8.386335000,217.160.43.161,140.127.220.177,SSHv2,49422,22,,,114
186,8.386419000,140.127.220.177,217.160.43.161,TCP,22,49422,,,66
187,8.425989000,HewlettP_08:f1:70,Broadcast,ARP,,,,,60
188,8.426251000,HewlettP_08:f1:70,Broadcast,ARP,,,,,60
189,8.426607000,HewlettP_08:f1:70,Broadcast,ARP,,,,,60
190,8.426718000,HewlettP_08:f1:70,Broadcast,ARP,,,,,60
191,8.427831000,HewlettP_08:f1:70,Broadcast,ARP,,,,,60
192,8.428721000,HewlettP_08:f1:70,Broadcast,ARP,,,,,60
193,8.429165000,HewlettP_08:f1:70,Broadcast,ARP,,,,,60
194,8.429802000,HewlettP_08:f1:70,Broadcast,ARP,,,,,60
195,8.430083000,HewlettP_08:f1:70,Broadcast,ARP,,,,,60
196,8.430468000,HewlettP_08:f1:70,Broadcast,ARP,,,,,60
197,8.430959000,HewlettP_08:f1:70,Broadcast,ARP,,,,,60
198,8.431317000,HewlettP_08:f1:70,Broadcast,ARP,,,,,60
199,8.431430000,HewlettP_08:f1:70,Broadcast,ARP,,,,,60
200,8.431555000,HewlettP_08:f1:70,Broadcast,ARP,,,,,60
201,8.443722000,HewlettP_08:f1:70,Broadcast,ARP,,,,,60
202,8.477405000,140.127.220.177,217.160.43.161,SSHv2,22,49422,,,550
203,8.508391000,138.68.226.175,140.127.220.177,SSHv2,50240,22,,,82
204,8.508471000,140.127.220.177,138.68.226.175,TCP,22,50240,,,66
205,8.612215000,HewlettP_08:f1:70,Broadcast,ARP,,,,,60
206,8.651716000,138.68.226.175,140.127.220.177,SSHv2,50240,22,,,118
207,8.651753000,140.127.220.177,138.68.226.175,TCP,22,50240,,,66
208,8.651943000,140.127.220.177,138.68.226.175,SSHv2,22,50240,,,118
209,8.731490000,140.127.218.252,224.0.0.1,IGMPv2,,,,,60
210,8.792676000,217.160.43.161,140.127.220.177,SSHv2,49422,22,,,82
211,8.792720000,140.127.220.177,217.160.43.161,TCP,22,49422,,,66
212,8.795180000,138.68.226.175,140.127.220.177,SSHv2,50240,22,,,150
213,8.840039000,140.127.220.177,138.68.226.175,TCP,22,50240,,,66
214,8.956379000,HewlettP_08:f1:70,Broadcast,ARP,,,,,60
215,9.026790000,HewlettP_08:f1:70,Broadcast,ARP,,,,,60
216,9.060605000,HewlettP_08:f1:70,Broadcast,ARP,,,,,60
217,9.107745000,217.160.43.161,140.127.220.177,SSHv2,49422,22,,,118
218,9.107834000,140.127.220.177,217.160.43.161,TCP,22,49422,,,66
219,9.108275000,140.127.220.177,217.160.43.161,SSHv2,22,49422,,,118
220,9.121909000,ZyxelCom_fa:80:14,Broadcast,0x8899,,,,,60
221,9.269755000,HewlettP_08:f1:70,Broadcast,ARP,,,,,60
222,9.330327000,HewlettP_08:f1:70,Broadcast,ARP,,,,,60
223,9.350377000,HewlettP_08:f1:70,Broadcast,ARP,,,,,60
224,9.371208000,HewlettP_08:f1:70,Broadcast,ARP,,,,,60
225,9.408042000,35.194.241.184,140.127.220.74,TLSv1.2,27017,37606,,,1140
226,9.423459000,217.160.43.161,140.127.220.177,SSHv2,49422,22,,,150
227,9.425750000,HewlettP_08:f1:70,Broadcast,ARP,,,,,60
228,9.426966000,HewlettP_08:f1:70,Broadcast,ARP,,,,,60
229,9.427071000,HewlettP_08:f1:70,Broadcast,ARP,,,,,60
230,9.427335000,HewlettP_08:f1:70,Broadcast,ARP,,,,,60
231,9.427948000,HewlettP_08:f1:70,Broadcast,ARP,,,,,60
232,9.430185000,HewlettP_08:f1:70,Broadcast,ARP,,,,,60
233,9.430235000,HewlettP_08:f1:70,Broadcast,ARP,,,,,60
234,9.430430000,HewlettP_08:f1:70,Broadcast,ARP,,,,,60
235,9.431434000,HewlettP_08:f1:70,Broadcast,ARP,,,,,60
236,9.458545000,HewlettP_3a:89:b9,Broadcast,ARP,,,,,60
237,9.461081000,HewlettP_08:f1:70,Broadcast,ARP,,,,,60
238,9.470074000,140.127.220.177,217.160.43.161,TCP,22,49422,,,66
239,9.605594000,HewlettP_08:f1:70,Broadcast,ARP,,,,,60
240,9.833326000,35.194.241.184,140.127.220.74,TLSv1.2,27017,57722,,,1149
241,9.860766000,HewlettP_08:f1:70,Broadcast,ARP,,,,,60
242,10.000047000,Dell_ac:22:eb,Spanning-tree-(for-bridges)_00,STP,,,,,64
243,10.030541000,HewlettP_08:f1:70,Broadcast,ARP,,,,,60
244,10.034432000,192.168.220.128,255.255.255.255,DB-LSP-DISC/JSON,,,17500,17500,277
245,10.036165000,140.127.220.128,140.127.220.255,DB-LSP-DISC/JSON,,,17500,17500,277
246,10.036213000,192.168.220.128,192.168.220.255,DB-LSP-DISC/JSON,,,17500,17500,277
247,10.036383000,192.168.220.128,255.255.255.255,DB-LSP-DISC/JSON,,,17500,17500,277
248,10.036397000,192.168.220.128,255.255.255.255,DB-LSP-DISC/JSON,,,17500,17500,277
249,10.036409000,192.168.220.128,255.255.255.255,DB-LSP-DISC/JSON,,,17500,17500,277
250,10.036425000,192.168.220.128,255.255.255.255,DB-LSP-DISC/JSON,,,17500,17500,277
251,10.036441000,192.168.220.128,255.255.255.255,DB-LSP-DISC/JSON,,,17500,17500,277
252,10.047283000,140.127.220.253,224.0.0.1,IGMPv2,,,,,60
253,10.128757000,ZyxelCom_f2:96:f1,Broadcast,0x8899,,,,,60
254,10.270789000,HewlettP_08:f1:70,Broadcast,ARP,,,,,60
255,10.430444000,HewlettP_08:f1:70,Broadcast,ARP,,,,,60
256,10.430786000,HewlettP_08:f1:70,Broadcast,ARP,,,,,60
257,10.464752000,HewlettP_08:f1:70,Broadcast,ARP,,,,,60
258,10.572107000,10.1.220.144,239.255.255.250,IGMPv2,,,,,60
259,10.724449000,HewlettP_08:f1:70,Broadcast,ARP,,,,,60
260,10.920330000,140.127.220.177,59.127.60.129,TCP,80,46514,,,54
261,10.925663000,HewlettP_08:f1:70,Broadcast,ARP,,,,,60
262,10.931403000,59.127.60.129,140.127.220.177,TCP,46514,80,,,60
263,10.982271000,HewlettP_08:f1:70,Broadcast,ARP,,,,,60
264,11.121749000,ZyxelCom_fa:80:14,Broadcast,0x8899,,,,,60
265,11.170167000,HewlettP_08:f1:70,Broadcast,ARP,,,,,60
266,11.230879000,HewlettP_08:f1:70,Broadcast,ARP,,,,,60
267,11.236266000,HewlettP_08:f1:70,Broadcast,ARP,,,,,60
268,11.307400000,HewlettP_08:f1:70,Broadcast,ARP,,,,,60
269,11.426476000,HewlettP_08:f1:70,Broadcast,ARP,,,,,60
